x, y, z, alpha, beta, gamma, zero
0.548447, -0.00055217, 0.624314, -0.0200551, 0.000228162, 3.13449, 0
0.542466, -0.00109815, 0.624096, -0.0399144, 0.000456693, 3.12745, 0
0.536547, -0.00163817, 0.623883, -0.0595796, 0.000685486, 3.12048, 0
0.53069, -0.00217241, 0.623675, -0.0790526, 0.000914453, 3.11357, 0
0.524893, -0.00270105, 0.623471, -0.098335, 0.00114353, 3.10673, 0
0.519156, -0.0032242, 0.623272, -0.117429, 0.00137267, 3.09996, 0
0.513477, -0.00374199, 0.623077, -0.136335, 0.00160182, 3.09325, 0
0.507857, -0.00425452, 0.622886, -0.155055, 0.00183098, 3.0866, 0
0.502294, -0.00476188, 0.622699, -0.173592, 0.00206011, 3.08002, 0
0.496788, -0.00526412, 0.622515, -0.191946, 0.00228921, 3.0735, 0
0.491337, -0.00576133, 0.622335, -0.21012, 0.00251828, 3.06705, 0
0.485942, -0.00625355, 0.622158, -0.228114, 0.00274732, 3.06065, 0
0.480601, -0.00674083, 0.621984, -0.24593, 0.00297632, 3.05433, 0
0.475315, -0.00722322, 0.621814, -0.26357, 0.0032053, 3.04806, 0
0.470081, -0.00770077, 0.621646, -0.281035, 0.00343427, 3.04186, 0
0.464901, -0.00817351, 0.621482, -0.298327, 0.00366322, 3.03572, 0
0.459773, -0.00864148, 0.62132, -0.315447, 0.00389216, 3.02964, 0
0.454696, -0.00910471, 0.621161, -0.332398, 0.0041211, 3.02362, 0
0.44967, -0.00956325, 0.621004, -0.349179, 0.00435004, 3.01766, 0
0.444695, -0.0100171, 0.62085, -0.365794, 0.00457898, 3.01176, 0
0.43977, -0.0104664, 0.620698, -0.382243, 0.00480793, 3.00592, 0
0.434894, -0.010911, 0.620549, -0.398528, 0.00503686, 3.00014, 0
0.430068, -0.0113511, 0.620403, -0.41465, 0.00526579, 2.99442, 0
0.425289, -0.0117867, 0.620258, -0.430611, 0.0054947, 2.98876, 0
0.420559, -0.0122177, 0.620116, -0.446413, 0.00572358, 2.98315, 0
0.415876, -0.0126444, 0.619976, -0.462057, 0.00595242, 2.9776, 0
0.41124, -0.0130666, 0.619838, -0.477544, 0.0061812, 2.97211, 0
0.40665, -0.0134845, 0.619702, -0.492876, 0.00640991, 2.96668, 0
0.402106, -0.013898, 0.619568, -0.508054, 0.00663851, 2.9613, 0
0.397608, -0.0143072, 0.619437, -0.52308, 0.006867, 2.95597, 0
0.393155, -0.0147122, 0.619307, -0.537956, 0.00709535, 2.9507, 0
0.388746, -0.015113, 0.619179, -0.552682, 0.00732353, 2.94548, 0
0.384382, -0.0155096, 0.619053, -0.567261, 0.00755151, 2.94032, 0
0.380061, -0.015902, 0.618928, -0.581693, 0.00777926, 2.93521, 0
0.375783, -0.0162904, 0.618806, -0.595981, 0.00800677, 2.93015, 0
0.371548, -0.0166748, 0.618685, -0.610125, 0.00823398, 2.92514, 0
0.367355, -0.0170551, 0.618566, -0.624127, 0.00846088, 2.92018, 0
0.363205, -0.0174315, 0.618449, -0.637988, 0.00868743, 2.91528, 0
0.359095, -0.017804, 0.618333, -0.65171, 0.0089136, 2.91042, 0
0.355027, -0.0181726, 0.618219, -0.665294, 0.00913935, 2.90561, 0
0.351, -0.0185373, 0.618106, -0.678742, 0.00936465, 2.90086, 0
0.347013, -0.0188983, 0.617995, -0.692055, 0.00958946, 2.89615, 0
0.343065, -0.0192556, 0.617886, -0.705234, 0.00981376, 2.89149, 0
0.339158, -0.0196091, 0.617778, -0.71828, 0.0100375, 2.88687, 0
0.335289, -0.019959, 0.617671, -0.731196, 0.0102607, 2.88231, 0
0.331459, -0.0203053, 0.617566, -0.743981, 0.0104832, 2.87779, 0
0.327667, -0.020648, 0.617463, -0.756639, 0.0107051, 2.87331, 0
0.323913, -0.0209872, 0.61736, -0.769169, 0.0109263, 2.86888, 0
0.320196, -0.0213229, 0.617259, -0.781573, 0.0111468, 2.8645, 0
0.316517, -0.0216551, 0.61716, -0.793852, 0.0113665, 2.86016, 0
0.312874, -0.021984, 0.617062, -0.806009, 0.0115855, 2.85587, 0
0.309268, -0.0223094, 0.616965, -0.818043, 0.0118036, 2.85162, 0
0.305698, -0.0226316, 0.616869, -0.829956, 0.0120209, 2.84741, 0
0.302164, -0.0229504, 0.616774, -0.84175, 0.0122373, 2.84324, 0
0.298665, -0.023266, 0.616681, -0.853425, 0.0124529, 2.83912, 0
0.2952, -0.0235784, 0.616589, -0.864983, 0.0126675, 2.83504, 0
0.291771, -0.0238876, 0.616498, -0.876425, 0.0128812, 2.831, 0
0.288376, -0.0241937, 0.616408, -0.887752, 0.0130939, 2.827, 0
0.285014, -0.0244967, 0.61632, -0.898965, 0.0133056, 2.82304, 0
0.281687, -0.0247966, 0.616232, -0.910066, 0.0135162, 2.81912, 0
0.278392, -0.0250935, 0.616146, -0.921056, 0.0137259, 2.81525, 0
0.27513, -0.0253874, 0.616061, -0.931935, 0.0139344, 2.81141, 0
0.271901, -0.0256784, 0.615977, -0.942705, 0.0141419, 2.80761, 0
0.268705, -0.0259664, 0.615893, -0.953367, 0.0143483, 2.80384, 0
0.26554, -0.0262516, 0.615811, -0.963922, 0.0145536, 2.80012, 0
0.262407, -0.0265339, 0.61573, -0.974371, 0.0147577, 2.79643, 0
0.259305, -0.0268134, 0.61565, -0.984716, 0.0149606, 2.79278, 0
0.256234, -0.0270901, 0.615571, -0.994957, 0.0151624, 2.78917, 0
0.253194, -0.0273641, 0.615493, -1.00509, 0.015363, 2.7856, 0
0.250184, -0.0276353, 0.615416, -1.01513, 0.0155624, 2.78206, 0
0.247204, -0.0279038, 0.615339, -1.02507, 0.0157605, 2.77855, 0
0.244254, -0.0281697, 0.615264, -1.0349, 0.0159575, 2.77508, 0
0.241334, -0.028433, 0.61519, -1.04464, 0.0161531, 2.77165, 0
0.238443, -0.0286936, 0.615116, -1.05428, 0.0163476, 2.76825, 0
0.23558, -0.0289517, 0.615044, -1.06382, 0.0165408, 2.76489, 0
0.232746, -0.0292073, 0.614972, -1.07327, 0.0167327, 2.76156, 0
0.229941, -0.0294603, 0.614901, -1.08263, 0.0169233, 2.75826, 0
0.227164, -0.0297109, 0.614831, -1.09188, 0.0171126, 2.75499, 0
0.224414, -0.0299589, 0.614762, -1.10105, 0.0173006, 2.75176, 0
0.221692, -0.0302046, 0.614693, -1.11013, 0.0174873, 2.74856, 0
0.218997, -0.0304479, 0.614626, -1.11911, 0.0176727, 2.7454, 0
0.216328, -0.0306888, 0.614559, -1.128, 0.0178568, 2.74226, 0
0.213687, -0.0309273, 0.614493, -1.13681, 0.0180396, 2.73916, 0
0.211072, -0.0311636, 0.614428, -1.14553, 0.0182211, 2.73609, 0
0.208483, -0.0313975, 0.614364, -1.15416, 0.0184012, 2.73305, 0
0.20592, -0.0316291, 0.6143, -1.1627, 0.01858, 2.73004, 0
0.203382, -0.0318586, 0.614237, -1.17116, 0.0187574, 2.72706, 0
0.20087, -0.0320857, 0.614175, -1.17953, 0.0189335, 2.72411, 0
0.198383, -0.0323107, 0.614113, -1.18782, 0.0191083, 2.72118, 0
0.195921, -0.0325335, 0.614053, -1.19603, 0.0192817, 2.71829, 0
0.193484, -0.0327542, 0.613992, -1.20415, 0.0194538, 2.71543, 0
0.19107, -0.0329727, 0.613933, -1.21219, 0.0196245, 2.7126, 0
0.188681, -0.0331891, 0.613874, -1.22016, 0.0197939, 2.70979, 0
0.186316, -0.0334035, 0.613816, -1.22804, 0.019962, 2.70702, 0
0.183974, -0.0336158, 0.613759, -1.23584, 0.0201287, 2.70427, 0
0.181656, -0.033826, 0.613702, -1.24357, 0.0202941, 2.70155, 0
0.179361, -0.0340342, 0.613646, -1.25122, 0.0204581, 2.69885, 0
0.177089, -0.0342404, 0.613591, -1.25879, 0.0206208, 2.69618, 0
0.17484, -0.0344446, 0.613536, -1.26629, 0.0207822, 2.69354, 0
0.172613, -0.0346469, 0.613482, -1.27371, 0.0209422, 2.69093, 0
0.170408, -0.0348472, 0.613429, -1.28105, 0.0211009, 2.68834, 0
0.168225, -0.0350457, 0.613376, -1.28833, 0.0212583, 2.68578, 0
0.166064, -0.0352422, 0.613323, -1.29553, 0.0214144, 2.68325, 0
0.163925, -0.0354368, 0.613272, -1.30266, 0.0215691, 2.68073, 0
0.161807, -0.0356296, 0.61322, -1.30972, 0.0217226, 2.67825, 0
0.15971, -0.0358205, 0.61317, -1.3167, 0.0218747, 2.67579, 0
0.157635, -0.0360097, 0.61312, -1.32362, 0.0220255, 2.67335, 0
0.15558, -0.036197, 0.61307, -1.33047, 0.022175, 2.67094, 0
0.153545, -0.0363825, 0.613022, -1.33725, 0.0223232, 2.66855, 0
0.151531, -0.0365662, 0.612973, -1.34396, 0.0224702, 2.66619, 0
0.149537, -0.0367482, 0.612925, -1.3506, 0.0226158, 2.66385, 0
0.147563, -0.0369285, 0.612878, -1.35718, 0.0227602, 2.66154, 0
0.145608, -0.0371071, 0.612831, -1.3637, 0.0229033, 2.65924, 0
0.143673, -0.0372839, 0.612785, -1.37014, 0.0230451, 2.65697, 0
0.141758, -0.0374591, 0.612739, -1.37653, 0.0231857, 2.65473, 0
0.139861, -0.0376326, 0.612694, -1.38285, 0.023325, 2.6525, 0
0.137984, -0.0378044, 0.61265, -1.3891, 0.023463, 2.6503, 0
0.136125, -0.0379746, 0.612605, -1.39529, 0.0235998, 2.64812, 0
0.134285, -0.0381432, 0.612562, -1.40143, 0.0237354, 2.64596, 0
0.132463, -0.0383102, 0.612518, -1.4075, 0.0238698, 2.64382, 0
0.13066, -0.0384756, 0.612476, -1.41351, 0.0240029, 2.64171, 0
0.128874, -0.0386395, 0.612433, -1.41946, 0.0241348, 2.63961, 0
0.127106, -0.0388017, 0.612391, -1.42535, 0.0242655, 2.63754, 0
0.125356, -0.0389625, 0.61235, -1.43118, 0.024395, 2.63549, 0
0.123624, -0.0391217, 0.612309, -1.43695, 0.0245234, 2.63345, 0
0.121909, -0.0392794, 0.612269, -1.44267, 0.0246505, 2.63144, 0
0.120211, -0.0394356, 0.612229, -1.44832, 0.0247764, 2.62945, 0
0.118529, -0.0395903, 0.612189, -1.45392, 0.0249012, 2.62748, 0
0.116865, -0.0397435, 0.61215, -1.45947, 0.0250248, 2.62553, 0
0.115217, -0.0398953, 0.612111, -1.46496, 0.0251473, 2.62359, 0
0.113586, -0.0400457, 0.612073, -1.4704, 0.0252686, 2.62168, 0
0.111971, -0.0401946, 0.612035, -1.47578, 0.0253888, 2.61979, 0
0.110373, -0.0403421, 0.611997, -1.4811, 0.0255078, 2.61791, 0
0.10879, -0.0404882, 0.61196, -1.48638, 0.0256257, 2.61606, 0
0.107223, -0.0406329, 0.611924, -1.4916, 0.0257425, 2.61422, 0
0.105671, -0.0407762, 0.611887, -1.49677, 0.0258582, 2.6124, 0
0.104136, -0.0409182, 0.611852, -1.50188, 0.0259728, 2.6106, 0
0.102615, -0.0410588, 0.611816, -1.50695, 0.0260863, 2.60881, 0
0.10111, -0.0411981, 0.611781, -1.51197, 0.0261987, 2.60705, 0
0.0996196, -0.041336, 0.611746, -1.51693, 0.0263101, 2.6053, 0
0.0981443, -0.0414727, 0.611712, -1.52185, 0.0264203, 2.60357, 0
0.0966837, -0.041608, 0.611678, -1.52671, 0.0265295, 2.60186, 0
0.0952377, -0.0417421, 0.611644, -1.53153, 0.0266377, 2.60016, 0
0.0938061, -0.0418749, 0.611611, -1.5363, 0.0267448, 2.59848, 0
0.0923889, -0.0420064, 0.611578, -1.54102, 0.0268509, 2.59682, 0
0.0909858, -0.0421367, 0.611545, -1.5457, 0.026956, 2.59518, 0
0.0895968, -0.0422657, 0.611513, -1.55033, 0.02706, 2.59355, 0
0.0882216, -0.0423935, 0.611481, -1.55491, 0.027163, 2.59193, 0
0.0868602, -0.0425201, 0.61145, -1.55945, 0.027265, 2.59034, 0
0.0855124, -0.0426454, 0.611419, -1.56394, 0.0273661, 2.58876, 0
0.084178, -0.0427696, 0.611388, -1.56838, 0.0274661, 2.58719, 0
0.082857, -0.0428926, 0.611357, -1.57278, 0.0275652, 2.58564, 0
0.0815492, -0.0430144, 0.611327, -1.57714, 0.0276633, 2.58411, 0
0.0802545, -0.0431351, 0.611297, -1.58146, 0.0277604, 2.58259, 0
0.0789727, -0.0432546, 0.611268, -1.58573, 0.0278566, 2.58109, 0
0.0777038, -0.043373, 0.611238, -1.58995, 0.0279519, 2.5796, 0
0.0764475, -0.0434902, 0.611209, -1.59414, 0.0280462, 2.57813, 0
0.0752037, -0.0436063, 0.611181, -1.59828, 0.0281395, 2.57667, 0
0.0739725, -0.0437213, 0.611152, -1.60239, 0.028232, 2.57523, 0
0.0727535, -0.0438352, 0.611124, -1.60645, 0.0283236, 2.5738, 0
0.0715467, -0.043948, 0.611097, -1.61047, 0.0284142, 2.57238, 0
0.0703519, -0.0440598, 0.611069, -1.61445, 0.0285039, 2.57098, 0
0.0691691, -0.0441704, 0.611042, -1.61839, 0.0285928, 2.56959, 0
0.0679982, -0.04428, 0.611015, -1.62229, 0.0286808, 2.56822, 0
0.0668389, -0.0443886, 0.610989, -1.62616, 0.0287679, 2.56686, 0
0.0656912, -0.0444961, 0.610962, -1.62998, 0.0288541, 2.56551, 0
0.064555, -0.0446026, 0.610936, -1.63377, 0.0289395, 2.56418, 0
0.0634302, -0.0447081, 0.610911, -1.63751, 0.029024, 2.56286, 0
0.0623166, -0.0448125, 0.610885, -1.64122, 0.0291077, 2.56156, 0
0.0612141, -0.044916, 0.61086, -1.6449, 0.0291906, 2.56026, 0
0.0601227, -0.0450184, 0.610835, -1.64853, 0.0292726, 2.55898, 0
0.0590421, -0.0451199, 0.61081, -1.65213, 0.0293538, 2.55772, 0
0.0579724, -0.0452204, 0.610786, -1.6557, 0.0294342, 2.55646, 0
0.0569134, -0.04532, 0.610762, -1.65923, 0.0295138, 2.55522, 0
0.0558649, -0.0454186, 0.610738, -1.66272, 0.0295927, 2.55399, 0
0.054827, -0.0455162, 0.610714, -1.66618, 0.0296707, 2.55277, 0
0.0537994, -0.0456129, 0.610691, -1.6696, 0.0297479, 2.55157, 0
0.052782, -0.0457086, 0.610668, -1.67299, 0.0298244, 2.55038, 0
0.0517749, -0.0458035, 0.610645, -1.67635, 0.0299001, 2.5492, 0
0.0507778, -0.0458974, 0.610622, -1.67967, 0.029975, 2.54803, 0
0.0497907, -0.0459905, 0.6106, -1.68296, 0.0300492, 2.54687, 0
0.0488135, -0.0460826, 0.610578, -1.68622, 0.0301226, 2.54572, 0
0.047846, -0.0461738, 0.610556, -1.68944, 0.0301953, 2.54459, 0
0.0468882, -0.0462642, 0.610534, -1.69263, 0.0302673, 2.54346, 0
0.04594, -0.0463537, 0.610512, -1.69579, 0.0303386, 2.54235, 0
0.0450013, -0.0464423, 0.610491, -1.69892, 0.0304091, 2.54125, 0
0.0440719, -0.0465301, 0.61047, -1.70201, 0.0304789, 2.54016, 0
0.0431518, -0.046617, 0.610449, -1.70508, 0.0305481, 2.53908, 0
0.042241, -0.0467031, 0.610429, -1.70812, 0.0306165, 2.53802, 0
0.0413392, -0.0467884, 0.610408, -1.71112, 0.0306842, 2.53696, 0
0.0404465, -0.0468728, 0.610388, -1.71409, 0.0307513, 2.53591, 0
0.0395627, -0.0469564, 0.610368, -1.71704, 0.0308177, 2.53487, 0
0.0386877, -0.0470392, 0.610348, -1.71995, 0.0308834, 2.53385, 0
0.0378215, -0.0471212, 0.610329, -1.72284, 0.0309484, 2.53283, 0
0.0369639, -0.0472024, 0.610309, -1.7257, 0.0310128, 2.53183, 0
0.0361149, -0.0472829, 0.61029, -1.72853, 0.0310766, 2.53083, 0
0.0352744, -0.0473625, 0.610271, -1.73133, 0.0311397, 2.52985, 0
0.0344423, -0.0474414, 0.610253, -1.7341, 0.0312021, 2.52887, 0
0.0336185, -0.0475195, 0.610234, -1.73685, 0.031264, 2.5279, 0
0.032803, -0.0475969, 0.610216, -1.73956, 0.0313252, 2.52695, 0
0.0319956, -0.0476735, 0.610197, -1.74225, 0.0313858, 2.526, 0
0.0311963, -0.0477493, 0.610179, -1.74492, 0.0314457, 2.52506, 0
0.030405, -0.0478245, 0.610162, -1.74755, 0.0315051, 2.52414, 0
0.0296215, -0.0478988, 0.610144, -1.75016, 0.0315639, 2.52322, 0
0.028846, -0.0479725, 0.610127, -1.75275, 0.0316221, 2.52231, 0
0.0280781, -0.0480455, 0.610109, -1.75531, 0.0316797, 2.52141, 0
0.027318, -0.0481177, 0.610092, -1.75784, 0.0317367, 2.52052, 0
0.0265655, -0.0481893, 0.610075, -1.76035, 0.0317931, 2.51963, 0
0.0258204, -0.0482601, 0.610059, -1.76283, 0.031849, 2.51876, 0
0.0250829, -0.0483303, 0.610042, -1.76529, 0.0319043, 2.51789, 0
0.0243527, -0.0483998, 0.610026, -1.76772, 0.031959, 2.51704, 0
0.0236298, -0.0484686, 0.61001, -1.77013, 0.0320132, 2.51619, 0
0.0229141, -0.0485367, 0.609994, -1.77251, 0.0320668, 2.51535, 0
0.0222056, -0.0486042, 0.609978, -1.77487, 0.0321199, 2.51452, 0
0.0215042, -0.048671, 0.609962, -1.77721, 0.0321724, 2.5137, 0
0.0208097, -0.0487372, 0.609946, -1.77953, 0.0322245, 2.51288, 0
0.0201223, -0.0488027, 0.609931, -1.78182, 0.032276, 2.51208, 0
0.0194417, -0.0488676, 0.609916, -1.78408, 0.0323269, 2.51128, 0
0.0187679, -0.0489318, 0.609901, -1.78633, 0.0323774, 2.51049, 0
0.0181008, -0.0489955, 0.609886, -1.78855, 0.0324273, 2.50971, 0
0.0174405, -0.0490585, 0.609871, -1.79075, 0.0324768, 2.50893, 0
0.0167867, -0.0491208, 0.609857, -1.79293, 0.0325257, 2.50817, 0
0.0161394, -0.0491826, 0.609842, -1.79509, 0.0325742, 2.50741, 0
0.0154987, -0.0492438, 0.609828, -1.79722, 0.0326221, 2.50666, 0
0.0148643, -0.0493044, 0.609814, -1.79934, 0.0326696, 2.50591, 0
0.0142363, -0.0493644, 0.6098, -1.80143, 0.0327166, 2.50518, 0
0.0136145, -0.0494238, 0.609786, -1.8035, 0.0327631, 2.50445, 0
0.012999, -0.0494826, 0.609772, -1.80555, 0.0328091, 2.50372, 0
0.0123896, -0.0495408, 0.609759, -1.80758, 0.0328547, 2.50301, 0
0.0117864, -0.0495985, 0.609745, -1.80959, 0.0328998, 2.5023, 0
0.0111891, -0.0496556, 0.609732, -1.81158, 0.0329445, 2.5016, 0
0.0105979, -0.0497122, 0.609719, -1.81355, 0.0329887, 2.50091, 0
0.0100125, -0.0497682, 0.609706, -1.8155, 0.0330324, 2.50022, 0
0.00943299, -0.0498236, 0.609693, -1.81743, 0.0330757, 2.49954, 0
0.00885928, -0.0498785, 0.60968, -1.81934, 0.0331186, 2.49887, 0
0.0082913, -0.0499329, 0.609667, -1.82124, 0.0331611, 2.4982, 0
0.00772901, -0.0499867, 0.609655, -1.82311, 0.0332031, 2.49754, 0
0.00717233, -0.0500401, 0.609643, -1.82497, 0.0332447, 2.49689, 0
0.00662123, -0.0500928, 0.60963, -1.8268, 0.0332858, 2.49625, 0
0.00607563, -0.0501451, 0.609618, -1.82862, 0.0333266, 2.49561, 0
0.00553549, -0.0501969, 0.609606, -1.83042, 0.0333669, 2.49497, 0
0.00500075, -0.0502481, 0.609594, -1.8322, 0.0334068, 2.49435, 0
0.00447136, -0.0502989, 0.609583, -1.83397, 0.0334463, 2.49372, 0
0.00394726, -0.0503491, 0.609571, -1.83571, 0.0334855, 2.49311, 0
0.00342841, -0.0503989, 0.60956, -1.83744, 0.0335242, 2.4925, 0
0.00291474, -0.0504481, 0.609548, -1.83915, 0.0335625, 2.4919, 0
0.00240621, -0.0504969, 0.609537, -1.84085, 0.0336005, 2.4913, 0
0.00190276, -0.0505452, 0.609526, -1.84252, 0.033638, 2.49071, 0
0.00140434, -0.0505931, 0.609515, -1.84419, 0.0336752, 2.49013, 0
0.000910914, -0.0506404, 0.609504, -1.84583, 0.033712, 2.48955, 0
0.000422419, -0.0506873, 0.609493, -1.84746, 0.0337484, 2.48898, 0
-6.11921e-05, -0.0507338, 0.609482, -1.84907, 0.0337845, 2.48841, 0
-0.000539967, -0.0507797, 0.609472, -1.85066, 0.0338202, 2.48785, 0
-0.00101395, -0.0508253, 0.609461, -1.85224, 0.0338555, 2.48729, 0
-0.0014832, -0.0508704, 0.609451, -1.85381, 0.0338905, 2.48674, 0
-0.00194776, -0.050915, 0.609441, -1.85536, 0.0339251, 2.4862, 0
-0.00240767, -0.0509592, 0.60943, -1.85689, 0.0339594, 2.48566, 0
-0.00286298, -0.0510029, 0.60942, -1.8584, 0.0339933, 2.48512, 0
-0.00331374, -0.0510463, 0.60941, -1.85991, 0.0340269, 2.4846, 0
-0.00375999, -0.0510892, 0.609401, -1.86139, 0.0340602, 2.48407, 0
-0.00420178, -0.0511317, 0.609391, -1.86287, 0.0340931, 2.48355, 0
-0.00463915, -0.0511737, 0.609381, -1.86432, 0.0341257, 2.48304, 0
-0.00507215, -0.0512154, 0.609372, -1.86577, 0.0341579, 2.48253, 0
-0.00550082, -0.0512566, 0.609362, -1.86719, 0.0341898, 2.48203, 0
-0.0059252, -0.0512975, 0.609353, -1.86861, 0.0342214, 2.48153, 0
-0.00634533, -0.0513379, 0.609344, -1.87001, 0.0342527, 2.48104, 0
-0.00676127, -0.0513779, 0.609335, -1.87139, 0.0342836, 2.48055, 0
-0.00717305, -0.0514176, 0.609325, -1.87277, 0.0343143, 2.48007, 0
-0.00758071, -0.0514568, 0.609316, -1.87412, 0.0343446, 2.47959, 0
-0.00798429, -0.0514957, 0.609308, -1.87547, 0.0343747, 2.47912, 0
-0.00838384, -0.0515342, 0.609299, -1.8768, 0.0344044, 2.47865, 0
-0.00877939, -0.0515723, 0.60929, -1.87812, 0.0344338, 2.47819, 0
-0.00917099, -0.05161, 0.609282, -1.87942, 0.0344629, 2.47773, 0
-0.00955867, -0.0516473, 0.609273, -1.88072, 0.0344918, 2.47727, 0
-0.00994247, -0.0516843, 0.609265, -1.88199, 0.0345203, 2.47682, 0
-0.0103224, -0.0517209, 0.609256, -1.88326, 0.0345486, 2.47638, 0
-0.0106986, -0.0517572, 0.609248, -1.88451, 0.0345765, 2.47594, 0
-0.011071, -0.0517931, 0.60924, -1.88575, 0.0346042, 2.4755, 0
-0.0114397, -0.0518286, 0.609232, -1.88698, 0.0346316, 2.47507, 0
-0.0118047, -0.0518638, 0.609224, -1.8882, 0.0346588, 2.47464, 0
-0.012166, -0.0518987, 0.609216, -1.8894, 0.0346856, 2.47422, 0
-0.0125238, -0.0519332, 0.609208, -1.8906, 0.0347122, 2.4738, 0
-0.0128779, -0.0519673, 0.6092, -1.89178, 0.0347385, 2.47338, 0
-0.0132285, -0.0520011, 0.609192, -1.89294, 0.0347646, 2.47297, 0
-0.0135756, -0.0520346, 0.609185, -1.8941, 0.0347904, 2.47256, 0
-0.0139193, -0.0520678, 0.609177, -1.89525, 0.0348159, 2.47216, 0
-0.0142595, -0.0521006, 0.60917, -1.89638, 0.0348412, 2.47176, 0
-0.0145963, -0.0521331, 0.609162, -1.8975, 0.0348662, 2.47137, 0
-0.0149297, -0.0521653, 0.609155, -1.89861, 0.0348909, 2.47098, 0
-0.0152598, -0.0521972, 0.609148, -1.89971, 0.0349154, 2.47059, 0
-0.0155866, -0.0522287, 0.609141, -1.9008, 0.0349397, 2.4702, 0
-0.0159101, -0.05226, 0.609134, -1.90188, 0.0349637, 2.46983, 0
-0.0162304, -0.0522909, 0.609127, -1.90295, 0.0349875, 2.46945, 0
-0.0165475, -0.0523215, 0.60912, -1.904, 0.035011, 2.46908, 0
-0.0168614, -0.0523518, 0.609113, -1.90505, 0.0350343, 2.46871, 0
-0.0171722, -0.0523819, 0.609106, -1.90608, 0.0350574, 2.46835, 0
-0.0174799, -0.0524116, 0.609099, -1.90711, 0.0350802, 2.46799, 0
-0.0177845, -0.052441, 0.609093, -1.90812, 0.0351028, 2.46763, 0
-0.018086, -0.0524702, 0.609086, -1.90913, 0.0351252, 2.46727, 0
-0.0183846, -0.052499, 0.60908, -1.91012, 0.0351473, 2.46692, 0
-0.0186801, -0.0525276, 0.609073, -1.91111, 0.0351693, 2.46658, 0
-0.0189727, -0.0525558, 0.609067, -1.91208, 0.035191, 2.46623, 0
-0.0192624, -0.0525838, 0.60906, -1.91305, 0.0352124, 2.4659, 0
-0.0195491, -0.0526116, 0.609054, -1.914, 0.0352337, 2.46556, 0
-0.019833, -0.052639, 0.609048, -1.91495, 0.0352548, 2.46523, 0
-0.0201141, -0.0526662, 0.609042, -1.91589, 0.0352756, 2.4649, 0
-0.0203924, -0.0526931, 0.609036, -1.91681, 0.0352962, 2.46457, 0
-0.0206678, -0.0527197, 0.60903, -1.91773, 0.0353166, 2.46425, 0
-0.0209406, -0.0527461, 0.609024, -1.91864, 0.0353369, 2.46393, 0
-0.0212105, -0.0527722, 0.609018, -1.91954, 0.0353569, 2.46361, 0
-0.0214778, -0.0527981, 0.609012, -1.92043, 0.0353767, 2.4633, 0
-0.0217424, -0.0528237, 0.609006, -1.92131, 0.0353963, 2.46299, 0
-0.0220044, -0.052849, 0.609001, -1.92219, 0.0354157, 2.46268, 0
-0.0222638, -0.0528741, 0.608995, -1.92305, 0.0354349, 2.46238, 0
-0.0225205, -0.052899, 0.608989, -1.92391, 0.0354539, 2.46208, 0
-0.0227747, -0.0529236, 0.608984, -1.92475, 0.0354728, 2.46178, 0
-0.0230264, -0.0529479, 0.608978, -1.92559, 0.0354914, 2.46148, 0
-0.0232755, -0.0529721, 0.608973, -1.92642, 0.0355099, 2.46119, 0
-0.0235221, -0.0529959, 0.608967, -1.92724, 0.0355281, 2.4609, 0
-0.0237663, -0.0530196, 0.608962, -1.92806, 0.0355462, 2.46061, 0
-0.024008, -0.053043, 0.608957, -1.92886, 0.0355641, 2.46033, 0
-0.0242474, -0.0530662, 0.608952, -1.92966, 0.0355818, 2.46005, 0
-0.0244843, -0.0530891, 0.608947, -1.93045, 0.0355994, 2.45977, 0
-0.0247188, -0.0531118, 0.608941, -1.93123, 0.0356167, 2.4595, 0
-0.024951, -0.0531343, 0.608936, -1.932, 0.0356339, 2.45923, 0
-0.0251809, -0.0531566, 0.608931, -1.93277, 0.0356509, 2.45896, 0
-0.0254085, -0.0531786, 0.608926, -1.93353, 0.0356678, 2.45869, 0
-0.0256338, -0.0532004, 0.608922, -1.93428, 0.0356845, 2.45843, 0
-0.0258569, -0.053222, 0.608917, -1.93502, 0.035701, 2.45816, 0
-0.0260777, -0.0532434, 0.608912, -1.93576, 0.0357173, 2.4579, 0
-0.0262963, -0.0532646, 0.608907, -1.93649, 0.0357335, 2.45765, 0
-0.0265128, -0.0532856, 0.608902, -1.93721, 0.0357495, 2.45739, 0
-0.026727, -0.0533064, 0.608898, -1.93792, 0.0357654, 2.45714, 0
-0.0269392, -0.0533269, 0.608893, -1.93863, 0.0357811, 2.45689, 0
-0.0271492, -0.0533473, 0.608889, -1.93933, 0.0357966, 2.45665, 0
-0.0273571, -0.0533674, 0.608884, -1.94002, 0.035812, 2.4564, 0
-0.0275629, -0.0533874, 0.60888, -1.94071, 0.0358272, 2.45616, 0
-0.0277667, -0.0534071, 0.608875, -1.94139, 0.0358423, 2.45592, 0
-0.0279684, -0.0534267, 0.608871, -1.94206, 0.0358572, 2.45569, 0
-0.0281681, -0.053446, 0.608866, -1.94272, 0.035872, 2.45545, 0
-0.0283658, -0.0534652, 0.608862, -1.94338, 0.0358866, 2.45522, 0
-0.0285616, -0.0534842, 0.608858, -1.94403, 0.0359011, 2.45499, 0
-0.0287554, -0.053503, 0.608854, -1.94468, 0.0359154, 2.45477, 0
-0.0289472, -0.0535216, 0.60885, -1.94532, 0.0359296, 2.45454, 0
-0.0291371, -0.05354, 0.608845, -1.94595, 0.0359436, 2.45432, 0
-0.0293251, -0.0535582, 0.608841, -1.94658, 0.0359575, 2.4541, 0
-0.0295113, -0.0535763, 0.608837, -1.9472, 0.0359713, 2.45388, 0
-0.0296956, -0.0535942, 0.608833, -1.94781, 0.0359849, 2.45366, 0
-0.029878, -0.0536119, 0.608829, -1.94842, 0.0359984, 2.45345, 0
-0.0300586, -0.0536294, 0.608825, -1.94902, 0.0360117, 2.45324, 0
-0.0302375, -0.0536467, 0.608822, -1.94962, 0.0360249, 2.45303, 0
-0.0304145, -0.0536639, 0.608818, -1.95021, 0.036038, 2.45282, 0
-0.0305897, -0.0536809, 0.608814, -1.95079, 0.036051, 2.45262, 0
-0.0307632, -0.0536978, 0.60881, -1.95137, 0.0360638, 2.45241, 0
-0.030935, -0.0537144, 0.608806, -1.95194, 0.0360765, 2.45221, 0
-0.031105, -0.0537309, 0.608803, -1.95251, 0.036089, 2.45201, 0
-0.0312734, -0.0537473, 0.608799, -1.95307, 0.0361015, 2.45181, 0
-0.0314401, -0.0537634, 0.608796, -1.95363, 0.0361138, 2.45162, 0
-0.031605, -0.0537795, 0.608792, -1.95418, 0.036126, 2.45142, 0
-0.0317684, -0.0537953, 0.608788, -1.95472, 0.036138, 2.45123, 0
-0.0319301, -0.053811, 0.608785, -1.95526, 0.03615, 2.45104, 0
-0.0320902, -0.0538266, 0.608781, -1.95579, 0.0361618, 2.45086, 0
-0.0322487, -0.0538419, 0.608778, -1.95632, 0.0361735, 2.45067, 0
-0.0324056, -0.0538572, 0.608775, -1.95684, 0.0361851, 2.45049, 0
-0.032561, -0.0538723, 0.608771, -1.95736, 0.0361966, 2.4503, 0
-0.0327147, -0.0538872, 0.608768, -1.95787, 0.0362079, 2.45012, 0
-0.032867, -0.053902, 0.608765, -1.95838, 0.0362192, 2.44995, 0
-0.0330177, -0.0539166, 0.608761, -1.95888, 0.0362303, 2.44977, 0
-0.0331669, -0.0539311, 0.608758, -1.95938, 0.0362413, 2.44959, 0
-0.0333147, -0.0539454, 0.608755, -1.95987, 0.0362522, 2.44942, 0
-0.0334609, -0.0539596, 0.608752, -1.96036, 0.036263, 2.44925, 0
-0.0336057, -0.0539737, 0.608749, -1.96084, 0.0362737, 2.44908, 0
-0.0337491, -0.0539876, 0.608746, -1.96132, 0.0362843, 2.44891, 0
-0.033891, -0.0540014, 0.608742, -1.96179, 0.0362948, 2.44875, 0
-0.0340315, -0.0540151, 0.608739, -1.96226, 0.0363051, 2.44858, 0
-0.0341705, -0.0540286, 0.608736, -1.96272, 0.0363154, 2.44842, 0
-0.0343082, -0.0540419, 0.608733, -1.96318, 0.0363256, 2.44826, 0
-0.0344445, -0.0540552, 0.60873, -1.96364, 0.0363356, 2.4481, 0
-0.0345795, -0.0540683, 0.608728, -1.96409, 0.0363456, 2.44794, 0
-0.0347131, -0.0540813, 0.608725, -1.96453, 0.0363554, 2.44778, 0
-0.0348454, -0.0540941, 0.608722, -1.96497, 0.0363652, 2.44763, 0
-0.0349763, -0.0541069, 0.608719, -1.96541, 0.0363749, 2.44747, 0
-0.035106, -0.0541194, 0.608716, -1.96584, 0.0363844, 2.44732, 0
-0.0352343, -0.0541319, 0.608713, -1.96627, 0.0363939, 2.44717, 0
-0.0353613, -0.0541443, 0.608711, -1.96669, 0.0364033, 2.44702, 0
-0.0354871, -0.0541565, 0.608708, -1.96711, 0.0364126, 2.44687, 0
-0.0356117, -0.0541686, 0.608705, -1.96753, 0.0364217, 2.44673, 0
-0.0357349, -0.0541806, 0.608703, -1.96794, 0.0364308, 2.44658, 0
-0.035857, -0.0541924, 0.6087, -1.96834, 0.0364398, 2.44644, 0
-0.0359778, -0.0542042, 0.608697, -1.96875, 0.0364488, 2.4463, 0
-0.0360974, -0.0542158, 0.608695, -1.96914, 0.0364576, 2.44616, 0
-0.0362159, -0.0542273, 0.608692, -1.96954, 0.0364663, 2.44602, 0
-0.0363331, -0.0542387, 0.60869, -1.96993, 0.036475, 2.44588, 0
-0.0364492, -0.05425, 0.608687, -1.97032, 0.0364835, 2.44575, 0
-0.0365641, -0.0542612, 0.608685, -1.9707, 0.036492, 2.44561, 0
-0.0366778, -0.0542722, 0.608682, -1.97108, 0.0365004, 2.44548, 0
-0.0367905, -0.0542832, 0.60868, -1.97145, 0.0365087, 2.44535, 0
-0.036902, -0.054294, 0.608677, -1.97183, 0.0365169, 2.44522, 0
-0.0370123, -0.0543047, 0.608675, -1.97219, 0.036525, 2.44509, 0
-0.0371216, -0.0543154, 0.608673, -1.97256, 0.0365331, 2.44496, 0
-0.0372298, -0.0543259, 0.60867, -1.97292, 0.0365411, 2.44483, 0
-0.0373369, -0.0543363, 0.608668, -1.97327, 0.036549, 2.44471, 0
-0.0374429, -0.0543466, 0.608666, -1.97363, 0.0365568, 2.44458, 0
-0.0375479, -0.0543568, 0.608663, -1.97398, 0.0365645, 2.44446, 0
-0.0376518, -0.0543669, 0.608661, -1.97432, 0.0365722, 2.44434, 0
-0.0377547, -0.0543769, 0.608659, -1.97467, 0.0365798, 2.44422, 0
-0.0378565, -0.0543868, 0.608657, -1.97501, 0.0365873, 2.4441, 0
-0.0379574, -0.0543966, 0.608655, -1.97534, 0.0365947, 2.44398, 0
-0.0380572, -0.0544063, 0.608653, -1.97568, 0.0366021, 2.44386, 0
-0.038156, -0.054416, 0.60865, -1.976, 0.0366094, 2.44375, 0
-0.0382539, -0.0544255, 0.608648, -1.97633, 0.0366166, 2.44363, 0
-0.0383507, -0.0544349, 0.608646, -1.97665, 0.0366237, 2.44352, 0
-0.0384466, -0.0544442, 0.608644, -1.97697, 0.0366308, 2.4434, 0
-0.0385416, -0.0544535, 0.608642, -1.97729, 0.0366378, 2.44329, 0
-0.0386355, -0.0544626, 0.60864, -1.9776, 0.0366447, 2.44318, 0
-0.0387286, -0.0544717, 0.608638, -1.97791, 0.0366516, 2.44307, 0
-0.0388207, -0.0544806, 0.608636, -1.97822, 0.0366583, 2.44297, 0
-0.0389119, -0.0544895, 0.608634, -1.97852, 0.0366651, 2.44286, 0
-0.0390022, -0.0544983, 0.608632, -1.97882, 0.0366717, 2.44275, 0
-0.0390915, -0.054507, 0.60863, -1.97912, 0.0366783, 2.44265, 0
-0.03918, -0.0545156, 0.608628, -1.97942, 0.0366848, 2.44255, 0
-0.0392676, -0.0545241, 0.608626, -1.97971, 0.0366913, 2.44244, 0
-0.0393544, -0.0545325, 0.608625, -1.98, 0.0366977, 2.44234, 0
-0.0394402, -0.0545409, 0.608623, -1.98028, 0.036704, 2.44224, 0
-0.0395252, -0.0545492, 0.608621, -1.98057, 0.0367103, 2.44214, 0
-0.0396094, -0.0545573, 0.608619, -1.98085, 0.0367165, 2.44204, 0
-0.0396927, -0.0545654, 0.608617, -1.98112, 0.0367226, 2.44194, 0
-0.0397751, -0.0545735, 0.608616, -1.9814, 0.0367287, 2.44185, 0
-0.0398568, -0.0545814, 0.608614, -1.98167, 0.0367347, 2.44175, 0
-0.0399376, -0.0545893, 0.608612, -1.98194, 0.0367406, 2.44166, 0
-0.0400176, -0.0545971, 0.60861, -1.98221, 0.0367465, 2.44156, 0
-0.0400969, -0.0546048, 0.608609, -1.98247, 0.0367524, 2.44147, 0
-0.0401753, -0.0546124, 0.608607, -1.98273, 0.0367581, 2.44138, 0
-0.0402529, -0.05462, 0.608605, -1.98299, 0.0367639, 2.44129, 0
-0.0403298, -0.0546275, 0.608604, -1.98325, 0.0367695, 2.4412, 0
-0.0404059, -0.0546349, 0.608602, -1.9835, 0.0367751, 2.44111, 0
-0.0404812, -0.0546422, 0.6086, -1.98375, 0.0367807, 2.44102, 0
-0.0405558, -0.0546495, 0.608599, -1.984, 0.0367862, 2.44093, 0
-0.0406297, -0.0546566, 0.608597, -1.98425, 0.0367916, 2.44085, 0
-0.0407028, -0.0546638, 0.608596, -1.98449, 0.036797, 2.44076, 0
-0.0407751, -0.0546708, 0.608594, -1.98473, 0.0368023, 2.44068, 0
-0.0408468, -0.0546778, 0.608592, -1.98497, 0.0368076, 2.44059, 0
-0.0409177, -0.0546847, 0.608591, -1.98521, 0.0368128, 2.44051, 0
-0.0409879, -0.0546915, 0.608589, -1.98544, 0.036818, 2.44043, 0
-0.0410575, -0.0546983, 0.608588, -1.98567, 0.0368231, 2.44034, 0
-0.0411263, -0.054705, 0.608586, -1.9859, 0.0368282, 2.44026, 0
-0.0411944, -0.0547116, 0.608585, -1.98613, 0.0368332, 2.44018, 0
-0.0412619, -0.0547182, 0.608584, -1.98635, 0.0368382, 2.44011, 0
-0.0413287, -0.0547247, 0.608582, -1.98658, 0.0368431, 2.44003, 0
-0.0413948, -0.0547311, 0.608581, -1.9868, 0.0368479, 2.43995, 0
-0.0414602, -0.0547375, 0.608579, -1.98701, 0.0368528, 2.43987, 0
-0.041525, -0.0547438, 0.608578, -1.98723, 0.0368575, 2.4398, 0
-0.0415892, -0.05475, 0.608576, -1.98744, 0.0368623, 2.43972, 0
-0.0416527, -0.0547562, 0.608575, -1.98766, 0.0368669, 2.43965, 0
-0.0417156, -0.0547623, 0.608574, -1.98786, 0.0368716, 2.43957, 0
-0.0417778, -0.0547684, 0.608572, -1.98807, 0.0368761, 2.4395, 0
-0.0418394, -0.0547744, 0.608571, -1.98828, 0.0368807, 2.43943, 0
-0.0419004, -0.0547803, 0.60857, -1.98848, 0.0368852, 2.43936, 0
-0.0419608, -0.0547862, 0.608568, -1.98868, 0.0368896, 2.43929, 0
-0.0420206, -0.0547921, 0.608567, -1.98888, 0.036894, 2.43922, 0
-0.0420798, -0.0547978, 0.608566, -1.98908, 0.0368984, 2.43915, 0
-0.0421384, -0.0548035, 0.608565, -1.98927, 0.0369027, 2.43908, 0
-0.0421964, -0.0548092, 0.608563, -1.98947, 0.036907, 2.43901, 0
-0.0422539, -0.0548148, 0.608562, -1.98966, 0.0369112, 2.43894, 0
-0.0423107, -0.0548203, 0.608561, -1.98985, 0.0369154, 2.43888, 0
-0.042367, -0.0548258, 0.60856, -1.99004, 0.0369195, 2.43881, 0
-0.0424227, -0.0548312, 0.608559, -1.99022, 0.0369236, 2.43874, 0
-0.0424779, -0.0548366, 0.608557, -1.9904, 0.0369277, 2.43868, 0
-0.0425325, -0.0548419, 0.608556, -1.99059, 0.0369317, 2.43862, 0
-0.0425866, -0.0548472, 0.608555, -1.99077, 0.0369357, 2.43855, 0
-0.0426401, -0.0548524, 0.608554, -1.99095, 0.0369396, 2.43849, 0
-0.0426931, -0.0548575, 0.608553, -1.99112, 0.0369435, 2.43843, 0
-0.0427456, -0.0548627, 0.608552, -1.9913, 0.0369474, 2.43837, 0
-0.0427976, -0.0548677, 0.608551, -1.99147, 0.0369512, 2.43831, 0
-0.042849, -0.0548727, 0.608549, -1.99164, 0.036955, 2.43824, 0
-0.0428999, -0.0548777, 0.608548, -1.99181, 0.0369587, 2.43819, 0
-0.0429503, -0.0548826, 0.608547, -1.99198, 0.0369624, 2.43813, 0
-0.0430002, -0.0548875, 0.608546, -1.99215, 0.0369661, 2.43807, 0
-0.0430496, -0.0548923, 0.608545, -1.99231, 0.0369697, 2.43801, 0
-0.0430985, -0.054897, 0.608544, -1.99247, 0.0369733, 2.43795, 0
-0.0431469, -0.0549017, 0.608543, -1.99263, 0.0369769, 2.4379, 0
-0.0431948, -0.0549064, 0.608542, -1.99279, 0.0369804, 2.43784, 0
-0.0432423, -0.054911, 0.608541, -1.99295, 0.0369839, 2.43778, 0
-0.0432893, -0.0549156, 0.60854, -1.99311, 0.0369874, 2.43773, 0
-0.0433358, -0.0549201, 0.608539, -1.99326, 0.0369908, 2.43767, 0
-0.0433818, -0.0549246, 0.608538, -1.99342, 0.0369942, 2.43762, 0
-0.0434274, -0.0549291, 0.608537, -1.99357, 0.0369975, 2.43757, 0
-0.0434725, -0.0549335, 0.608536, -1.99372, 0.0370009, 2.43751, 0
-0.0435172, -0.0549378, 0.608535, -1.99387, 0.0370042, 2.43746, 0
-0.0435614, -0.0549421, 0.608534, -1.99402, 0.0370074, 2.43741, 0
-0.0436052, -0.0549464, 0.608533, -1.99416, 0.0370106, 2.43736, 0
-0.0436485, -0.0549506, 0.608532, -1.99431, 0.0370138, 2.43731, 0
-0.0436915, -0.0549548, 0.608531, -1.99445, 0.037017, 2.43726, 0
-0.0437339, -0.0549589, 0.60853, -1.99459, 0.0370201, 2.43721, 0
-0.043776, -0.054963, 0.608529, -1.99473, 0.0370232, 2.43716, 0
-0.0438176, -0.0549671, 0.608529, -1.99487, 0.0370263, 2.43711, 0
-0.0438589, -0.0549711, 0.608528, -1.99501, 0.0370293, 2.43706, 0
-0.0438997, -0.0549751, 0.608527, -1.99514, 0.0370323, 2.43701, 0
-0.0439401, -0.054979, 0.608526, -1.99528, 0.0370353, 2.43697, 0
-0.0439801, -0.0549829, 0.608525, -1.99541, 0.0370382, 2.43692, 0
-0.0440197, -0.0549868, 0.608524, -1.99554, 0.0370411, 2.43687, 0
-0.0440589, -0.0549906, 0.608523, -1.99567, 0.037044, 2.43683, 0
-0.0440977, -0.0549944, 0.608523, -1.9958, 0.0370469, 2.43678, 0
-0.0441361, -0.0549981, 0.608522, -1.99593, 0.0370497, 2.43674, 0
-0.0441742, -0.0550018, 0.608521, -1.99606, 0.0370525, 2.43669, 0
-0.0442118, -0.0550055, 0.60852, -1.99618, 0.0370553, 2.43665, 0
-0.0442491, -0.0550091, 0.608519, -1.99631, 0.037058, 2.4366, 0
-0.044286, -0.0550127, 0.608519, -1.99643, 0.0370607, 2.43656, 0
-0.0443225, -0.0550163, 0.608518, -1.99655, 0.0370634, 2.43652, 0
-0.0443587, -0.0550198, 0.608517, -1.99667, 0.0370661, 2.43648, 0
-0.0443945, -0.0550233, 0.608516, -1.99679, 0.0370687, 2.43643, 0
-0.04443, -0.0550267, 0.608515, -1.99691, 0.0370713, 2.43639, 0
-0.0444651, -0.0550302, 0.608515, -1.99703, 0.0370739, 2.43635, 0
-0.0444998, -0.0550336, 0.608514, -1.99714, 0.0370764, 2.43631, 0
-0.0445342, -0.0550369, 0.608513, -1.99726, 0.037079, 2.43627, 0
-0.0445683, -0.0550402, 0.608512, -1.99737, 0.0370815, 2.43623, 0
-0.044602, -0.0550435, 0.608512, -1.99748, 0.037084, 2.43619, 0
-0.0446354, -0.0550468, 0.608511, -1.99759, 0.0370864, 2.43615, 0
-0.0446684, -0.05505, 0.60851, -1.9977, 0.0370888, 2.43611, 0
-0.0447012, -0.0550532, 0.60851, -1.99781, 0.0370912, 2.43607, 0
-0.0447335, -0.0550563, 0.608509, -1.99792, 0.0370936, 2.43604, 0
-0.0447656, -0.0550595, 0.608508, -1.99803, 0.037096, 2.436, 0
-0.0447973, -0.0550625, 0.608508, -1.99813, 0.0370983, 2.43596, 0
-0.0448288, -0.0550656, 0.608507, -1.99824, 0.0371006, 2.43592, 0
-0.0448599, -0.0550686, 0.608506, -1.99834, 0.0371029, 2.43589, 0
-0.0448907, -0.0550716, 0.608506, -1.99844, 0.0371052, 2.43585, 0
-0.0449212, -0.0550746, 0.608505, -1.99855, 0.0371074, 2.43582, 0
-0.0449514, -0.0550776, 0.608504, -1.99865, 0.0371096, 2.43578, 0
-0.0449813, -0.0550805, 0.608504, -1.99875, 0.0371118, 2.43575, 0
-0.0450108, -0.0550834, 0.608503, -1.99884, 0.037114, 2.43571, 0
-0.0450401, -0.0550862, 0.608502, -1.99894, 0.0371162, 2.43568, 0
-0.0450691, -0.055089, 0.608502, -1.99904, 0.0371183, 2.43564, 0
-0.0450978, -0.0550918, 0.608501, -1.99913, 0.0371204, 2.43561, 0
-0.0451263, -0.0550946, 0.608501, -1.99923, 0.0371225, 2.43558, 0
-0.0451544, -0.0550973, 0.6085, -1.99932, 0.0371246, 2.43554, 0
-0.0451823, -0.0551001, 0.608499, -1.99942, 0.0371266, 2.43551, 0
-0.0452098, -0.0551027, 0.608499, -1.99951, 0.0371287, 2.43548, 0
-0.0452371, -0.0551054, 0.608498, -1.9996, 0.0371307, 2.43545, 0
-0.0452642, -0.055108, 0.608498, -1.99969, 0.0371326, 2.43541, 0
-0.0452909, -0.0551107, 0.608497, -1.99978, 0.0371346, 2.43538, 0
-0.0453174, -0.0551132, 0.608496, -1.99987, 0.0371366, 2.43535, 0
-0.0453436, -0.0551158, 0.608496, -1.99995, 0.0371385, 2.43532, 0
-0.0453696, -0.0551183, 0.608495, -2.00004, 0.0371404, 2.43529, 0
-0.0453953, -0.0551208, 0.608495, -2.00013, 0.0371423, 2.43526, 0
-0.0454207, -0.0551233, 0.608494, -2.00021, 0.0371442, 2.43523, 0
-0.0454459, -0.0551258, 0.608494, -2.00029, 0.037146, 2.4352, 0
-0.0454709, -0.0551282, 0.608493, -2.00038, 0.0371478, 2.43517, 0
-0.0454956, -0.0551306, 0.608493, -2.00046, 0.0371497, 2.43514, 0
-0.04552, -0.055133, 0.608492, -2.00054, 0.0371515, 2.43511, 0
-0.0455442, -0.0551353, 0.608492, -2.00062, 0.0371532, 2.43509, 0
-0.0455682, -0.0551377, 0.608491, -2.0007, 0.037155, 2.43506, 0
-0.0455919, -0.05514, 0.608491, -2.00078, 0.0371567, 2.43503, 0
-0.0456154, -0.0551423, 0.60849, -2.00086, 0.0371585, 2.435, 0
-0.0456386, -0.0551445, 0.60849, -2.00094, 0.0371602, 2.43498, 0
-0.0456616, -0.0551468, 0.608489, -2.00101, 0.0371619, 2.43495, 0
-0.0456844, -0.055149, 0.608489, -2.00109, 0.0371635, 2.43492, 0
-0.045707, -0.0551512, 0.608488, -2.00116, 0.0371652, 2.4349, 0
-0.0457293, -0.0551534, 0.608488, -2.00124, 0.0371668, 2.43487, 0
-0.0457514, -0.0551555, 0.608487, -2.00131, 0.0371685, 2.43484, 0
-0.0457733, -0.0551577, 0.608487, -2.00139, 0.0371701, 2.43482, 0
-0.045795, -0.0551598, 0.608486, -2.00146, 0.0371717, 2.43479, 0
-0.0458164, -0.0551619, 0.608486, -2.00153, 0.0371732, 2.43477, 0
-0.0458376, -0.0551639, 0.608485, -2.0016, 0.0371748, 2.43474, 0
-0.0458587, -0.055166, 0.608485, -2.00167, 0.0371764, 2.43472, 0
-0.0458795, -0.055168, 0.608484, -2.00174, 0.0371779, 2.43469, 0
-0.0459001, -0.05517, 0.608484, -2.00181, 0.0371794, 2.43467, 0
-0.0459205, -0.055172, 0.608483, -2.00188, 0.0371809, 2.43464, 0
-0.0459407, -0.055174, 0.608483, -2.00194, 0.0371824, 2.43462, 0
-0.0459607, -0.0551759, 0.608483, -2.00201, 0.0371839, 2.4346, 0
-0.0459805, -0.0551779, 0.608482, -2.00208, 0.0371853, 2.43457, 0
-0.0460001, -0.0551798, 0.608482, -2.00214, 0.0371867, 2.43455, 0
-0.0460195, -0.0551817, 0.608481, -2.00221, 0.0371882, 2.43453, 0
-0.0460387, -0.0551835, 0.608481, -2.00227, 0.0371896, 2.43451, 0
-0.0460577, -0.0551854, 0.608481, -2.00233, 0.037191, 2.43448, 0
-0.0460765, -0.0551872, 0.60848, -2.0024, 0.0371924, 2.43446, 0
-0.0460951, -0.055189, 0.60848, -2.00246, 0.0371937, 2.43444, 0
-0.0461136, -0.0551908, 0.608479, -2.00252, 0.0371951, 2.43442, 0
-0.0461318, -0.0551926, 0.608479, -2.00258, 0.0371964, 2.4344, 0
-0.0461499, -0.0551944, 0.608479, -2.00264, 0.0371978, 2.43438, 0
-0.0461678, -0.0551961, 0.608478, -2.0027, 0.0371991, 2.43435, 0
-0.0461856, -0.0551979, 0.608478, -2.00276, 0.0372004, 2.43433, 0
-0.0462031, -0.0551996, 0.608477, -2.00282, 0.0372017, 2.43431, 0
-0.0462205, -0.0552013, 0.608477, -2.00288, 0.0372029, 2.43429, 0
-0.0462377, -0.0552029, 0.608477, -2.00293, 0.0372042, 2.43427, 0
-0.0462547, -0.0552046, 0.608476, -2.00299, 0.0372055, 2.43425, 0
-0.0462715, -0.0552062, 0.608476, -2.00305, 0.0372067, 2.43423, 0
-0.0462882, -0.0552079, 0.608476, -2.0031, 0.0372079, 2.43421, 0
-0.0463047, -0.0552095, 0.608475, -2.00316, 0.0372091, 2.43419, 0
-0.0463211, -0.0552111, 0.608475, -2.00321, 0.0372103, 2.43418, 0
-0.0463373, -0.0552127, 0.608475, -2.00326, 0.0372115, 2.43416, 0
-0.0463533, -0.0552142, 0.608474, -2.00332, 0.0372127, 2.43414, 0
-0.0463692, -0.0552158, 0.608474, -2.00337, 0.0372139, 2.43412, 0
-0.0463849, -0.0552173, 0.608474, -2.00342, 0.037215, 2.4341, 0
-0.0464004, -0.0552188, 0.608473, -2.00347, 0.0372162, 2.43408, 0
-0.0464158, -0.0552203, 0.608473, -2.00353, 0.0372173, 2.43406, 0
-0.0464311, -0.0552218, 0.608473, -2.00358, 0.0372184, 2.43405, 0
-0.0464462, -0.0552233, 0.608472, -2.00363, 0.0372195, 2.43403, 0
-0.0464611, -0.0552247, 0.608472, -2.00368, 0.0372206, 2.43401, 0
-0.0464759, -0.0552262, 0.608472, -2.00373, 0.0372217, 2.43399, 0
-0.0464905, -0.0552276, 0.608471, -2.00378, 0.0372228, 2.43398, 0
-0.046505, -0.055229, 0.608471, -2.00382, 0.0372239, 2.43396, 0
-0.0465194, -0.0552304, 0.608471, -2.00387, 0.0372249, 2.43394, 0
-0.0465336, -0.0552318, 0.60847, -2.00392, 0.037226, 2.43393, 0
-0.0465476, -0.0552332, 0.60847, -2.00397, 0.037227, 2.43391, 0
-0.0465616, -0.0552345, 0.60847, -2.00401, 0.037228, 2.43389, 0
-0.0465753, -0.0552359, 0.608469, -2.00406, 0.037229, 2.43388, 0
-0.046589, -0.0552372, 0.608469, -2.0041, 0.03723, 2.43386, 0
-0.0466025, -0.0552385, 0.608469, -2.00415, 0.037231, 2.43385, 0
-0.0466159, -0.0552398, 0.608469, -2.00419, 0.037232, 2.43383, 0
-0.0466291, -0.0552411, 0.608468, -2.00424, 0.037233, 2.43381, 0
-0.0466422, -0.0552424, 0.608468, -2.00428, 0.0372339, 2.4338, 0
-0.0466552, -0.0552437, 0.608468, -2.00432, 0.0372349, 2.43378, 0
-0.0466681, -0.0552449, 0.608467, -2.00437, 0.0372358, 2.43377, 0
-0.0466808, -0.0552461, 0.608467, -2.00441, 0.0372368, 2.43375, 0
-0.0466934, -0.0552474, 0.608467, -2.00445, 0.0372377, 2.43374, 0
-0.0467058, -0.0552486, 0.608467, -2.00449, 0.0372386, 2.43372, 0
-0.0467182, -0.0552498, 0.608466, -2.00453, 0.0372395, 2.43371, 0
-0.0467304, -0.055251, 0.608466, -2.00457, 0.0372404, 2.4337, 0
-0.0467425, -0.0552522, 0.608466, -2.00461, 0.0372413, 2.43368, 0
-0.0467545, -0.0552533, 0.608466, -2.00465, 0.0372422, 2.43367, 0
-0.0467663, -0.0552545, 0.608465, -2.00469, 0.0372431, 2.43365, 0
-0.0467781, -0.0552556, 0.608465, -2.00473, 0.0372439, 2.43364, 0
-0.0467897, -0.0552568, 0.608465, -2.00477, 0.0372448, 2.43363, 0
-0.0468012, -0.0552579, 0.608465, -2.00481, 0.0372456, 2.43361, 0
-0.0468126, -0.055259, 0.608464, -2.00485, 0.0372465, 2.4336, 0
-0.0468238, -0.0552601, 0.608464, -2.00489, 0.0372473, 2.43359, 0
-0.046835, -0.0552612, 0.608464, -2.00492, 0.0372481, 2.43357, 0
-0.046846, -0.0552623, 0.608464, -2.00496, 0.0372489, 2.43356, 0
-0.046857, -0.0552633, 0.608463, -2.005, 0.0372497, 2.43355, 0
-0.0468678, -0.0552644, 0.608463, -2.00503, 0.0372505, 2.43353, 0
-0.0468785, -0.0552654, 0.608463, -2.00507, 0.0372513, 2.43352, 0
-0.0468892, -0.0552665, 0.608463, -2.0051, 0.0372521, 2.43351, 0
-0.0468997, -0.0552675, 0.608463, -2.00514, 0.0372529, 2.4335, 0
-0.0469101, -0.0552685, 0.608462, -2.00517, 0.0372536, 2.43349, 0
-0.0469204, -0.0552695, 0.608462, -2.00521, 0.0372544, 2.43347, 0
-0.0469306, -0.0552705, 0.608462, -2.00524, 0.0372551, 2.43346, 0
-0.0469407, -0.0552715, 0.608462, -2.00527, 0.0372559, 2.43345, 0
-0.0469506, -0.0552725, 0.608461, -2.00531, 0.0372566, 2.43344, 0
-0.0469605, -0.0552734, 0.608461, -2.00534, 0.0372573, 2.43343, 0
-0.0469703, -0.0552744, 0.608461, -2.00537, 0.0372581, 2.43341, 0
-0.04698, -0.0552753, 0.608461, -2.00541, 0.0372588, 2.4334, 0
-0.0469896, -0.0552763, 0.608461, -2.00544, 0.0372595, 2.43339, 0
-0.0469991, -0.0552772, 0.60846, -2.00547, 0.0372602, 2.43338, 0
-0.0470085, -0.0552781, 0.60846, -2.0055, 0.0372609, 2.43337, 0
-0.0470179, -0.055279, 0.60846, -2.00553, 0.0372616, 2.43336, 0
-0.0470271, -0.0552799, 0.60846, -2.00556, 0.0372622, 2.43335, 0
-0.0470362, -0.0552808, 0.60846, -2.00559, 0.0372629, 2.43334, 0
-0.0470452, -0.0552817, 0.608459, -2.00562, 0.0372636, 2.43333, 0
-0.0470542, -0.0552826, 0.608459, -2.00565, 0.0372642, 2.43332, 0
-0.047063, -0.0552834, 0.608459, -2.00568, 0.0372649, 2.43331, 0
-0.0470718, -0.0552843, 0.608459, -2.00571, 0.0372655, 2.4333, 0
-0.0470805, -0.0552851, 0.608459, -2.00574, 0.0372662, 2.43329, 0
-0.0470891, -0.055286, 0.608458, -2.00577, 0.0372668, 2.43328, 0
-0.0470976, -0.0552868, 0.608458, -2.0058, 0.0372674, 2.43327, 0
-0.047106, -0.0552876, 0.608458, -2.00583, 0.037268, 2.43326, 0
-0.0471144, -0.0552884, 0.608458, -2.00585, 0.0372686, 2.43325, 0
-0.0471226, -0.0552892, 0.608458, -2.00588, 0.0372693, 2.43324, 0
-0.0471308, -0.05529, 0.608458, -2.00591, 0.0372699, 2.43323, 0
-0.0471389, -0.0552908, 0.608457, -2.00594, 0.0372704, 2.43322, 0
-0.0471469, -0.0552916, 0.608457, -2.00596, 0.037271, 2.43321, 0
-0.0471548, -0.0552924, 0.608457, -2.00599, 0.0372716, 2.4332, 0
-0.0471627, -0.0552931, 0.608457, -2.00601, 0.0372722, 2.43319, 0
-0.0471705, -0.0552939, 0.608457, -2.00604, 0.0372728, 2.43318, 0
-0.0471781, -0.0552947, 0.608457, -2.00607, 0.0372733, 2.43317, 0
-0.0471858, -0.0552954, 0.608456, -2.00609, 0.0372739, 2.43316, 0
-0.0471933, -0.0552961, 0.608456, -2.00612, 0.0372744, 2.43315, 0
-0.0472008, -0.0552969, 0.608456, -2.00614, 0.037275, 2.43314, 0
-0.0472082, -0.0552976, 0.608456, -2.00617, 0.0372755, 2.43314, 0
-0.0472155, -0.0552983, 0.608456, -2.00619, 0.0372761, 2.43313, 0
-0.0472227, -0.055299, 0.608456, -2.00621, 0.0372766, 2.43312, 0
-0.0472299, -0.0552997, 0.608455, -2.00624, 0.0372771, 2.43311, 0
-0.047237, -0.0553004, 0.608455, -2.00626, 0.0372777, 2.4331, 0
-0.047244, -0.0553011, 0.608455, -2.00629, 0.0372782, 2.43309, 0
-0.047251, -0.0553018, 0.608455, -2.00631, 0.0372787, 2.43309, 0
-0.0472579, -0.0553024, 0.608455, -2.00633, 0.0372792, 2.43308, 0
-0.0472647, -0.0553031, 0.608455, -2.00635, 0.0372797, 2.43307, 0
-0.0472715, -0.0553038, 0.608455, -2.00638, 0.0372802, 2.43306, 0
-0.0472781, -0.0553044, 0.608454, -2.0064, 0.0372807, 2.43305, 0
-0.0472848, -0.055305, 0.608454, -2.00642, 0.0372812, 2.43305, 0
-0.0472913, -0.0553057, 0.608454, -2.00644, 0.0372816, 2.43304, 0
-0.0472978, -0.0553063, 0.608454, -2.00646, 0.0372821, 2.43303, 0
-0.0473042, -0.0553069, 0.608454, -2.00649, 0.0372826, 2.43302, 0
-0.0473106, -0.0553076, 0.608454, -2.00651, 0.0372831, 2.43302, 0
-0.0473169, -0.0553082, 0.608454, -2.00653, 0.0372835, 2.43301, 0
-0.0473231, -0.0553088, 0.608453, -2.00655, 0.037284, 2.433, 0
-0.0473293, -0.0553094, 0.608453, -2.00657, 0.0372844, 2.43299, 0
-0.0473354, -0.05531, 0.608453, -2.00659, 0.0372849, 2.43299, 0
-0.0473414, -0.0553106, 0.608453, -2.00661, 0.0372853, 2.43298, 0
-0.0473474, -0.0553112, 0.608453, -2.00663, 0.0372858, 2.43297, 0
-0.0473533, -0.0553117, 0.608453, -2.00665, 0.0372862, 2.43297, 0
-0.0473592, -0.0553123, 0.608453, -2.00667, 0.0372866, 2.43296, 0
-0.047365, -0.0553129, 0.608453, -2.00669, 0.0372871, 2.43295, 0
-0.0473708, -0.0553134, 0.608452, -2.00671, 0.0372875, 2.43295, 0
-0.0473765, -0.055314, 0.608452, -2.00673, 0.0372879, 2.43294, 0
-0.0473821, -0.0553145, 0.608452, -2.00675, 0.0372883, 2.43293, 0
-0.0473877, -0.0553151, 0.608452, -2.00676, 0.0372887, 2.43293, 0
-0.0473932, -0.0553156, 0.608452, -2.00678, 0.0372891, 2.43292, 0
-0.0473987, -0.0553162, 0.608452, -2.0068, 0.0372895, 2.43291, 0
-0.0474041, -0.0553167, 0.608452, -2.00682, 0.0372899, 2.43291, 0
-0.0474094, -0.0553172, 0.608452, -2.00684, 0.0372903, 2.4329, 0
-0.0474147, -0.0553177, 0.608451, -2.00685, 0.0372907, 2.43289, 0
-0.04742, -0.0553182, 0.608451, -2.00687, 0.0372911, 2.43289, 0
-0.0474252, -0.0553187, 0.608451, -2.00689, 0.0372915, 2.43288, 0
-0.0474303, -0.0553192, 0.608451, -2.00691, 0.0372919, 2.43288, 0
-0.0474354, -0.0553197, 0.608451, -2.00692, 0.0372922, 2.43287, 0
-0.0474405, -0.0553202, 0.608451, -2.00694, 0.0372926, 2.43286, 0
-0.0474455, -0.0553207, 0.608451, -2.00696, 0.037293, 2.43286, 0
-0.0474504, -0.0553212, 0.608451, -2.00697, 0.0372933, 2.43285, 0
-0.0474553, -0.0553217, 0.608451, -2.00699, 0.0372937, 2.43285, 0
-0.0474602, -0.0553222, 0.608451, -2.00701, 0.0372941, 2.43284, 0
-0.047465, -0.0553226, 0.60845, -2.00702, 0.0372944, 2.43283, 0
-0.0474697, -0.0553231, 0.60845, -2.00704, 0.0372948, 2.43283, 0
-0.0474744, -0.0553235, 0.60845, -2.00705, 0.0372951, 2.43282, 0
-0.0474791, -0.055324, 0.60845, -2.00707, 0.0372954, 2.43282, 0
-0.0474837, -0.0553244, 0.60845, -2.00708, 0.0372958, 2.43281, 0
-0.0474882, -0.0553249, 0.60845, -2.0071, 0.0372961, 2.43281, 0
-0.0474928, -0.0553253, 0.60845, -2.00711, 0.0372964, 2.4328, 0
-0.0474972, -0.0553258, 0.60845, -2.00713, 0.0372968, 2.4328, 0
-0.0475017, -0.0553262, 0.60845, -2.00714, 0.0372971, 2.43279, 0
-0.047506, -0.0553266, 0.60845, -2.00716, 0.0372974, 2.43279, 0
-0.0475104, -0.0553271, 0.608449, -2.00717, 0.0372977, 2.43278, 0
-0.0475147, -0.0553275, 0.608449, -2.00719, 0.0372981, 2.43278, 0
-0.0475189, -0.0553279, 0.608449, -2.0072, 0.0372984, 2.43277, 0
-0.0475231, -0.0553283, 0.608449, -2.00722, 0.0372987, 2.43277, 0
-0.0475273, -0.0553287, 0.608449, -2.00723, 0.037299, 2.43276, 0
-0.0475314, -0.0553291, 0.608449, -2.00724, 0.0372993, 2.43276, 0
-0.0475355, -0.0553295, 0.608449, -2.00726, 0.0372996, 2.43275, 0
-0.0475396, -0.0553299, 0.608449, -2.00727, 0.0372999, 2.43275, 0
-0.0475436, -0.0553303, 0.608449, -2.00728, 0.0373002, 2.43274, 0
-0.0475475, -0.0553307, 0.608449, -2.0073, 0.0373005, 2.43274, 0
-0.0475515, -0.0553311, 0.608449, -2.00731, 0.0373008, 2.43273, 0
-0.0475553, -0.0553314, 0.608448, -2.00732, 0.037301, 2.43273, 0
-0.0475592, -0.0553318, 0.608448, -2.00734, 0.0373013, 2.43272, 0
-0.047563, -0.0553322, 0.608448, -2.00735, 0.0373016, 2.43272, 0
-0.0475668, -0.0553326, 0.608448, -2.00736, 0.0373019, 2.43272, 0
-0.0475705, -0.0553329, 0.608448, -2.00737, 0.0373022, 2.43271, 0
-0.0475742, -0.0553333, 0.608448, -2.00739, 0.0373024, 2.43271, 0
-0.0475778, -0.0553336, 0.608448, -2.0074, 0.0373027, 2.4327, 0
-0.0475815, -0.055334, 0.608448, -2.00741, 0.037303, 2.4327, 0
-0.0475851, -0.0553343, 0.608448, -2.00742, 0.0373032, 2.43269, 0
-0.0475886, -0.0553347, 0.608448, -2.00743, 0.0373035, 2.43269, 0
-0.0475921, -0.055335, 0.608448, -2.00745, 0.0373037, 2.43269, 0
-0.0475956, -0.0553354, 0.608448, -2.00746, 0.037304, 2.43268, 0
-0.047599, -0.0553357, 0.608448, -2.00747, 0.0373043, 2.43268, 0
-0.0476024, -0.055336, 0.608447, -2.00748, 0.0373045, 2.43267, 0
-0.0476058, -0.0553364, 0.608447, -2.00749, 0.0373048, 2.43267, 0
-0.0476092, -0.0553367, 0.608447, -2.0075, 0.037305, 2.43267, 0
-0.0476125, -0.055337, 0.608447, -2.00751, 0.0373052, 2.43266, 0
-0.0476157, -0.0553373, 0.608447, -2.00752, 0.0373055, 2.43266, 0
-0.047619, -0.0553376, 0.608447, -2.00754, 0.0373057, 2.43265, 0
-0.0476222, -0.055338, 0.608447, -2.00755, 0.037306, 2.43265, 0
-0.0476254, -0.0553383, 0.608447, -2.00756, 0.0373062, 2.43265, 0
-0.0476285, -0.0553386, 0.608447, -2.00757, 0.0373064, 2.43264, 0
-0.0476316, -0.0553389, 0.608447, -2.00758, 0.0373067, 2.43264, 0
-0.0476347, -0.0553392, 0.608447, -2.00759, 0.0373069, 2.43264, 0
-0.0476378, -0.0553395, 0.608447, -2.0076, 0.0373071, 2.43263, 0
-0.0476408, -0.0553398, 0.608447, -2.00761, 0.0373073, 2.43263, 0
-0.0476438, -0.0553401, 0.608447, -2.00762, 0.0373075, 2.43263, 0
-0.0476468, -0.0553404, 0.608447, -2.00763, 0.0373078, 2.43262, 0
-0.0476497, -0.0553406, 0.608446, -2.00764, 0.037308, 2.43262, 0
-0.0476526, -0.0553409, 0.608446, -2.00765, 0.0373082, 2.43261, 0
-0.0476555, -0.0553412, 0.608446, -2.00766, 0.0373084, 2.43261, 0
-0.0476583, -0.0553415, 0.608446, -2.00767, 0.0373086, 2.43261, 0
-0.0476611, -0.0553418, 0.608446, -2.00768, 0.0373088, 2.4326, 0
-0.0476639, -0.055342, 0.608446, -2.00768, 0.037309, 2.4326, 0
-0.0476667, -0.0553423, 0.608446, -2.00769, 0.0373092, 2.4326, 0
-0.0476694, -0.0553426, 0.608446, -2.0077, 0.0373094, 2.4326, 0
-0.0476721, -0.0553428, 0.608446, -2.00771, 0.0373096, 2.43259, 0
-0.0476748, -0.0553431, 0.608446, -2.00772, 0.0373098, 2.43259, 0
-0.0476774, -0.0553433, 0.608446, -2.00773, 0.03731, 2.43259, 0
-0.0476801, -0.0553436, 0.608446, -2.00774, 0.0373102, 2.43258, 0
-0.0476827, -0.0553439, 0.608446, -2.00775, 0.0373104, 2.43258, 0
-0.0476852, -0.0553441, 0.608446, -2.00776, 0.0373106, 2.43258, 0
-0.0476878, -0.0553444, 0.608446, -2.00776, 0.0373108, 2.43257, 0
-0.0476903, -0.0553446, 0.608446, -2.00777, 0.037311, 2.43257, 0
-0.0476928, -0.0553448, 0.608446, -2.00778, 0.0373111, 2.43257, 0
-0.0476953, -0.0553451, 0.608445, -2.00779, 0.0373113, 2.43256, 0
-0.0476977, -0.0553453, 0.608445, -2.0078, 0.0373115, 2.43256, 0
-0.0477001, -0.0553456, 0.608445, -2.00781, 0.0373117, 2.43256, 0
-0.0477025, -0.0553458, 0.608445, -2.00781, 0.0373119, 2.43256, 0
-0.0477049, -0.055346, 0.608445, -2.00782, 0.037312, 2.43255, 0
-0.0477073, -0.0553463, 0.608445, -2.00783, 0.0373122, 2.43255, 0
-0.0477096, -0.0553465, 0.608445, -2.00784, 0.0373124, 2.43255, 0
-0.0477119, -0.0553467, 0.608445, -2.00784, 0.0373125, 2.43255, 0
-0.0477142, -0.0553469, 0.608445, -2.00785, 0.0373127, 2.43254, 0
-0.0477164, -0.0553472, 0.608445, -2.00786, 0.0373129, 2.43254, 0
-0.0477187, -0.0553474, 0.608445, -2.00787, 0.037313, 2.43254, 0
-0.0477209, -0.0553476, 0.608445, -2.00787, 0.0373132, 2.43253, 0
-0.0477231, -0.0553478, 0.608445, -2.00788, 0.0373134, 2.43253, 0
-0.0477252, -0.055348, 0.608445, -2.00789, 0.0373135, 2.43253, 0
-0.0477274, -0.0553482, 0.608445, -2.0079, 0.0373137, 2.43253, 0
-0.0477295, -0.0553484, 0.608445, -2.0079, 0.0373138, 2.43252, 0
-0.0477316, -0.0553486, 0.608445, -2.00791, 0.037314, 2.43252, 0
-0.0477337, -0.0553488, 0.608445, -2.00792, 0.0373141, 2.43252, 0
-0.0477358, -0.055349, 0.608445, -2.00792, 0.0373143, 2.43252, 0
-0.0477378, -0.0553492, 0.608445, -2.00793, 0.0373145, 2.43251, 0
-0.0477398, -0.0553494, 0.608445, -2.00794, 0.0373146, 2.43251, 0
-0.0477418, -0.0553496, 0.608444, -2.00794, 0.0373147, 2.43251, 0
-0.0477438, -0.0553498, 0.608444, -2.00795, 0.0373149, 2.43251, 0
-0.0477458, -0.05535, 0.608444, -2.00796, 0.037315, 2.43251, 0
-0.0477477, -0.0553502, 0.608444, -2.00796, 0.0373152, 2.4325, 0
-0.0477496, -0.0553504, 0.608444, -2.00797, 0.0373153, 2.4325, 0
-0.0477515, -0.0553506, 0.608444, -2.00798, 0.0373155, 2.4325, 0
-0.0477534, -0.0553508, 0.608444, -2.00798, 0.0373156, 2.4325, 0
-0.0477553, -0.0553509, 0.608444, -2.00799, 0.0373157, 2.43249, 0
-0.0477571, -0.0553511, 0.608444, -2.008, 0.0373159, 2.43249, 0
-0.047759, -0.0553513, 0.608444, -2.008, 0.037316, 2.43249, 0
-0.0477608, -0.0553515, 0.608444, -2.00801, 0.0373161, 2.43249, 0
-0.0477626, -0.0553517, 0.608444, -2.00801, 0.0373163, 2.43249, 0
-0.0477643, -0.0553518, 0.608444, -2.00802, 0.0373164, 2.43248, 0
-0.0477661, -0.055352, 0.608444, -2.00803, 0.0373165, 2.43248, 0
-0.0477678, -0.0553522, 0.608444, -2.00803, 0.0373167, 2.43248, 0
-0.0477696, -0.0553523, 0.608444, -2.00804, 0.0373168, 2.43248, 0
-0.0477713, -0.0553525, 0.608444, -2.00804, 0.0373169, 2.43248, 0
-0.047773, -0.0553527, 0.608444, -2.00805, 0.037317, 2.43247, 0
-0.0477746, -0.0553528, 0.608444, -2.00805, 0.0373172, 2.43247, 0
-0.0477763, -0.055353, 0.608444, -2.00806, 0.0373173, 2.43247, 0
-0.0477779, -0.0553531, 0.608444, -2.00806, 0.0373174, 2.43247, 0
-0.0477795, -0.0553533, 0.608444, -2.00807, 0.0373175, 2.43247, 0
-0.0477811, -0.0553535, 0.608444, -2.00808, 0.0373176, 2.43246, 0
-0.0477827, -0.0553536, 0.608444, -2.00808, 0.0373178, 2.43246, 0
-0.0477843, -0.0553538, 0.608444, -2.00809, 0.0373179, 2.43246, 0
-0.0477859, -0.0553539, 0.608444, -2.00809, 0.037318, 2.43246, 0
-0.0477874, -0.0553541, 0.608444, -2.0081, 0.0373181, 2.43246, 0
-0.0477889, -0.0553542, 0.608443, -2.0081, 0.0373182, 2.43246, 0
-0.0477904, -0.0553544, 0.608443, -2.00811, 0.0373183, 2.43245, 0
-0.0477919, -0.0553545, 0.608443, -2.00811, 0.0373184, 2.43245, 0
-0.0477934, -0.0553547, 0.608443, -2.00812, 0.0373185, 2.43245, 0
-0.0477949, -0.0553548, 0.608443, -2.00812, 0.0373186, 2.43245, 0
-0.0477963, -0.0553549, 0.608443, -2.00813, 0.0373188, 2.43245, 0
-0.0477978, -0.0553551, 0.608443, -2.00813, 0.0373189, 2.43244, 0
-0.0477992, -0.0553552, 0.608443, -2.00814, 0.037319, 2.43244, 0
-0.0478006, -0.0553554, 0.608443, -2.00814, 0.0373191, 2.43244, 0
-0.047802, -0.0553555, 0.608443, -2.00814, 0.0373192, 2.43244, 0
-0.0478034, -0.0553556, 0.608443, -2.00815, 0.0373193, 2.43244, 0
-0.0478047, -0.0553558, 0.608443, -2.00815, 0.0373194, 2.43244, 0
-0.0478061, -0.0553559, 0.608443, -2.00816, 0.0373195, 2.43243, 0
-0.0478074, -0.055356, 0.608443, -2.00816, 0.0373196, 2.43243, 0
-0.0478088, -0.0553562, 0.608443, -2.00817, 0.0373197, 2.43243, 0
-0.0478101, -0.0553563, 0.608443, -2.00817, 0.0373198, 2.43243, 0
-0.0478114, -0.0553564, 0.608443, -2.00818, 0.0373199, 2.43243, 0
-0.0478126, -0.0553565, 0.608443, -2.00818, 0.0373199, 2.43243, 0
-0.0478139, -0.0553567, 0.608443, -2.00818, 0.03732, 2.43243, 0
-0.0478152, -0.0553568, 0.608443, -2.00819, 0.0373201, 2.43242, 0
-0.0478164, -0.0553569, 0.608443, -2.00819, 0.0373202, 2.43242, 0
-0.0478177, -0.055357, 0.608443, -2.0082, 0.0373203, 2.43242, 0
-0.0478189, -0.0553571, 0.608443, -2.0082, 0.0373204, 2.43242, 0
-0.0478201, -0.0553573, 0.608443, -2.00821, 0.0373205, 2.43242, 0
-0.0478213, -0.0553574, 0.608443, -2.00821, 0.0373206, 2.43242, 0
-0.0478225, -0.0553575, 0.608443, -2.00821, 0.0373207, 2.43242, 0
-0.0478237, -0.0553576, 0.608443, -2.00822, 0.0373208, 2.43241, 0
-0.0478248, -0.0553577, 0.608443, -2.00822, 0.0373208, 2.43241, 0
-0.047826, -0.0553578, 0.608443, -2.00822, 0.0373209, 2.43241, 0
-0.0478271, -0.0553579, 0.608443, -2.00823, 0.037321, 2.43241, 0
-0.0478282, -0.0553581, 0.608443, -2.00823, 0.0373211, 2.43241, 0
-0.0478294, -0.0553582, 0.608443, -2.00824, 0.0373212, 2.43241, 0
-0.0478305, -0.0553583, 0.608443, -2.00824, 0.0373213, 2.43241, 0
-0.0478316, -0.0553584, 0.608443, -2.00824, 0.0373213, 2.43241, 0
-0.0478326, -0.0553585, 0.608443, -2.00825, 0.0373214, 2.4324, 0
-0.0478337, -0.0553586, 0.608443, -2.00825, 0.0373215, 2.4324, 0
-0.0478348, -0.0553587, 0.608443, -2.00825, 0.0373216, 2.4324, 0
-0.0478358, -0.0553588, 0.608442, -2.00826, 0.0373217, 2.4324, 0
-0.0478369, -0.0553589, 0.608442, -2.00826, 0.0373217, 2.4324, 0
-0.0478379, -0.055359, 0.608442, -2.00826, 0.0373218, 2.4324, 0
-0.0478389, -0.0553591, 0.608442, -2.00827, 0.0373219, 2.4324, 0
-0.0478399, -0.0553592, 0.608442, -2.00827, 0.037322, 2.4324, 0
-0.0478409, -0.0553593, 0.608442, -2.00827, 0.037322, 2.43239, 0
-0.0478419, -0.0553594, 0.608442, -2.00828, 0.0373221, 2.43239, 0
-0.0478429, -0.0553595, 0.608442, -2.00828, 0.0373222, 2.43239, 0
-0.0478439, -0.0553596, 0.608442, -2.00828, 0.0373222, 2.43239, 0
-0.0478448, -0.0553597, 0.608442, -2.00829, 0.0373223, 2.43239, 0
-0.0478458, -0.0553598, 0.608442, -2.00829, 0.0373224, 2.43239, 0
-0.0478467, -0.0553599, 0.608442, -2.00829, 0.0373225, 2.43239, 0
-0.0478477, -0.05536, 0.608442, -2.0083, 0.0373225, 2.43239, 0
-0.0478486, -0.05536, 0.608442, -2.0083, 0.0373226, 2.43239, 0
-0.0478495, -0.0553601, 0.608442, -2.0083, 0.0373227, 2.43238, 0
-0.0478504, -0.0553602, 0.608442, -2.00831, 0.0373227, 2.43238, 0
-0.0478513, -0.0553603, 0.608442, -2.00831, 0.0373228, 2.43238, 0
-0.0478522, -0.0553604, 0.608442, -2.00831, 0.0373229, 2.43238, 0
-0.0478531, -0.0553605, 0.608442, -2.00832, 0.0373229, 2.43238, 0
-0.0478539, -0.0553606, 0.608442, -2.00832, 0.037323, 2.43238, 0
-0.0478548, -0.0553606, 0.608442, -2.00832, 0.037323, 2.43238, 0
-0.0478556, -0.0553607, 0.608442, -2.00832, 0.0373231, 2.43238, 0
-0.0478565, -0.0553608, 0.608442, -2.00833, 0.0373232, 2.43238, 0
-0.0478573, -0.0553609, 0.608442, -2.00833, 0.0373232, 2.43237, 0
-0.0478582, -0.055361, 0.608442, -2.00833, 0.0373233, 2.43237, 0
-0.047859, -0.0553611, 0.608442, -2.00833, 0.0373234, 2.43237, 0
-0.0478598, -0.0553611, 0.608442, -2.00834, 0.0373234, 2.43237, 0
-0.0478606, -0.0553612, 0.608442, -2.00834, 0.0373235, 2.43237, 0
-0.0478614, -0.0553613, 0.608442, -2.00834, 0.0373235, 2.43237, 0
-0.0478622, -0.0553614, 0.608442, -2.00835, 0.0373236, 2.43237, 0
-0.0478629, -0.0553614, 0.608442, -2.00835, 0.0373236, 2.43237, 0
-0.0478637, -0.0553615, 0.608442, -2.00835, 0.0373237, 2.43237, 0
-0.0478645, -0.0553616, 0.608442, -2.00835, 0.0373238, 2.43237, 0
-0.0478652, -0.0553617, 0.608442, -2.00836, 0.0373238, 2.43237, 0
-0.047866, -0.0553617, 0.608442, -2.00836, 0.0373239, 2.43236, 0
-0.0478667, -0.0553618, 0.608442, -2.00836, 0.0373239, 2.43236, 0
-0.0478674, -0.0553619, 0.608442, -2.00836, 0.037324, 2.43236, 0
-0.0478682, -0.055362, 0.608442, -2.00837, 0.037324, 2.43236, 0
-0.0478689, -0.055362, 0.608442, -2.00837, 0.0373241, 2.43236, 0
-0.0478696, -0.0553621, 0.608442, -2.00837, 0.0373241, 2.43236, 0
-0.0478703, -0.0553622, 0.608442, -2.00837, 0.0373242, 2.43236, 0
-0.047871, -0.0553622, 0.608442, -2.00837, 0.0373242, 2.43236, 0
-0.0478717, -0.0553623, 0.608442, -2.00838, 0.0373243, 2.43236, 0
-0.0478724, -0.0553624, 0.608442, -2.00838, 0.0373243, 2.43236, 0
-0.0478731, -0.0553624, 0.608442, -2.00838, 0.0373244, 2.43236, 0
-0.0478737, -0.0553625, 0.608442, -2.00838, 0.0373244, 2.43236, 0
-0.0478744, -0.0553626, 0.608442, -2.00839, 0.0373245, 2.43235, 0
-0.047875, -0.0553626, 0.608442, -2.00839, 0.0373245, 2.43235, 0
-0.0478757, -0.0553627, 0.608442, -2.00839, 0.0373246, 2.43235, 0
-0.0478763, -0.0553627, 0.608442, -2.00839, 0.0373246, 2.43235, 0
-0.047877, -0.0553628, 0.608442, -2.00839, 0.0373247, 2.43235, 0
-0.0478776, -0.0553629, 0.608442, -2.0084, 0.0373247, 2.43235, 0
-0.0478782, -0.0553629, 0.608442, -2.0084, 0.0373248, 2.43235, 0
-0.0478788, -0.055363, 0.608442, -2.0084, 0.0373248, 2.43235, 0
-0.0478795, -0.0553631, 0.608442, -2.0084, 0.0373249, 2.43235, 0
-0.0478801, -0.0553631, 0.608442, -2.0084, 0.0373249, 2.43235, 0
-0.0478807, -0.0553632, 0.608442, -2.00841, 0.0373249, 2.43235, 0
-0.0478812, -0.0553632, 0.608442, -2.00841, 0.037325, 2.43235, 0
-0.0478818, -0.0553633, 0.608441, -2.00841, 0.037325, 2.43235, 0
-0.0478824, -0.0553633, 0.608441, -2.00841, 0.0373251, 2.43235, 0
-0.047883, -0.0553634, 0.608441, -2.00841, 0.0373251, 2.43234, 0
-0.0478836, -0.0553635, 0.608441, -2.00842, 0.0373252, 2.43234, 0
-0.0478841, -0.0553635, 0.608441, -2.00842, 0.0373252, 2.43234, 0
-0.0478847, -0.0553636, 0.608441, -2.00842, 0.0373252, 2.43234, 0
-0.0478852, -0.0553636, 0.608441, -2.00842, 0.0373253, 2.43234, 0
-0.0478858, -0.0553637, 0.608441, -2.00842, 0.0373253, 2.43234, 0
-0.0478863, -0.0553637, 0.608441, -2.00843, 0.0373254, 2.43234, 0
-0.0478869, -0.0553638, 0.608441, -2.00843, 0.0373254, 2.43234, 0
-0.0478874, -0.0553638, 0.608441, -2.00843, 0.0373254, 2.43234, 0
-0.0478879, -0.0553639, 0.608441, -2.00843, 0.0373255, 2.43234, 0
-0.0478884, -0.0553639, 0.608441, -2.00843, 0.0373255, 2.43234, 0
-0.047889, -0.055364, 0.608441, -2.00843, 0.0373256, 2.43234, 0
-0.0478895, -0.055364, 0.608441, -2.00844, 0.0373256, 2.43234, 0
-0.04789, -0.0553641, 0.608441, -2.00844, 0.0373256, 2.43234, 0
-0.0478905, -0.0553641, 0.608441, -2.00844, 0.0373257, 2.43234, 0
-0.047891, -0.0553642, 0.608441, -2.00844, 0.0373257, 2.43234, 0
-0.0478915, -0.0553642, 0.608441, -2.00844, 0.0373257, 2.43233, 0
-0.0478919, -0.0553643, 0.608441, -2.00844, 0.0373258, 2.43233, 0
-0.0478924, -0.0553643, 0.608441, -2.00845, 0.0373258, 2.43233, 0
-0.0478929, -0.0553644, 0.608441, -2.00845, 0.0373258, 2.43233, 0
-0.0478934, -0.0553644, 0.608441, -2.00845, 0.0373259, 2.43233, 0
-0.0478938, -0.0553645, 0.608441, -2.00845, 0.0373259, 2.43233, 0
-0.0478943, -0.0553645, 0.608441, -2.00845, 0.0373259, 2.43233, 0
-0.0478948, -0.0553645, 0.608441, -2.00845, 0.037326, 2.43233, 0
-0.0478952, -0.0553646, 0.608441, -2.00846, 0.037326, 2.43233, 0
-0.0478957, -0.0553646, 0.608441, -2.00846, 0.037326, 2.43233, 0
-0.0478961, -0.0553647, 0.608441, -2.00846, 0.0373261, 2.43233, 0
-0.0478965, -0.0553647, 0.608441, -2.00846, 0.0373261, 2.43233, 0
-0.047897, -0.0553648, 0.608441, -2.00846, 0.0373261, 2.43233, 0
-0.0478974, -0.0553648, 0.608441, -2.00846, 0.0373262, 2.43233, 0
-0.0478978, -0.0553648, 0.608441, -2.00846, 0.0373262, 2.43233, 0
-0.0478982, -0.0553649, 0.608441, -2.00847, 0.0373262, 2.43233, 0
-0.0478987, -0.0553649, 0.608441, -2.00847, 0.0373263, 2.43233, 0
-0.0478991, -0.055365, 0.608441, -2.00847, 0.0373263, 2.43233, 0
-0.0478995, -0.055365, 0.608441, -2.00847, 0.0373263, 2.43233, 0
-0.0478999, -0.055365, 0.608441, -2.00847, 0.0373264, 2.43232, 0
-0.0479003, -0.0553651, 0.608441, -2.00847, 0.0373264, 2.43232, 0
-0.0479007, -0.0553651, 0.608441, -2.00847, 0.0373264, 2.43232, 0
-0.0479011, -0.0553652, 0.608441, -2.00848, 0.0373264, 2.43232, 0
-0.0479015, -0.0553652, 0.608441, -2.00848, 0.0373265, 2.43232, 0
-0.0479019, -0.0553652, 0.608441, -2.00848, 0.0373265, 2.43232, 0
-0.0479022, -0.0553653, 0.608441, -2.00848, 0.0373265, 2.43232, 0
-0.0479026, -0.0553653, 0.608441, -2.00848, 0.0373266, 2.43232, 0
-0.047903, -0.0553653, 0.608441, -2.00848, 0.0373266, 2.43232, 0
-0.0479034, -0.0553654, 0.608441, -2.00848, 0.0373266, 2.43232, 0
-0.0479037, -0.0553654, 0.608441, -2.00848, 0.0373266, 2.43232, 0
-0.0479041, -0.0553655, 0.608441, -2.00849, 0.0373267, 2.43232, 0
-0.0479044, -0.0553655, 0.608441, -2.00849, 0.0373267, 2.43232, 0
-0.0479048, -0.0553655, 0.608441, -2.00849, 0.0373267, 2.43232, 0
-0.0479052, -0.0553656, 0.608441, -2.00849, 0.0373267, 2.43232, 0
-0.0479055, -0.0553656, 0.608441, -2.00849, 0.0373268, 2.43232, 0
-0.0479058, -0.0553656, 0.608441, -2.00849, 0.0373268, 2.43232, 0
-0.0479062, -0.0553657, 0.608441, -2.00849, 0.0373268, 2.43232, 0
-0.0479065, -0.0553657, 0.608441, -2.00849, 0.0373268, 2.43232, 0
-0.0479069, -0.0553657, 0.608441, -2.00849, 0.0373269, 2.43232, 0
-0.0479072, -0.0553658, 0.608441, -2.0085, 0.0373269, 2.43232, 0
-0.0479075, -0.0553658, 0.608441, -2.0085, 0.0373269, 2.43232, 0
-0.0479078, -0.0553658, 0.608441, -2.0085, 0.0373269, 2.43232, 0
-0.0479082, -0.0553659, 0.608441, -2.0085, 0.037327, 2.43232, 0
-0.0479085, -0.0553659, 0.608441, -2.0085, 0.037327, 2.43231, 0
-0.0479088, -0.0553659, 0.608441, -2.0085, 0.037327, 2.43231, 0
-0.0479091, -0.0553659, 0.608441, -2.0085, 0.037327, 2.43231, 0
-0.0479094, -0.055366, 0.608441, -2.0085, 0.0373271, 2.43231, 0
-0.0479097, -0.055366, 0.608441, -2.0085, 0.0373271, 2.43231, 0
-0.04791, -0.055366, 0.608441, -2.0085, 0.0373271, 2.43231, 0
-0.0479103, -0.0553661, 0.608441, -2.00851, 0.0373271, 2.43231, 0
-0.0479106, -0.0553661, 0.608441, -2.00851, 0.0373271, 2.43231, 0
-0.0479109, -0.0553661, 0.608441, -2.00851, 0.0373272, 2.43231, 0
-0.0479112, -0.0553661, 0.608441, -2.00851, 0.0373272, 2.43231, 0
-0.0479115, -0.0553662, 0.608441, -2.00851, 0.0373272, 2.43231, 0
-0.0479118, -0.0553662, 0.608441, -2.00851, 0.0373272, 2.43231, 0
-0.0479121, -0.0553662, 0.608441, -2.00851, 0.0373273, 2.43231, 0
-0.0479123, -0.0553663, 0.608441, -2.00851, 0.0373273, 2.43231, 0
-0.0479126, -0.0553663, 0.608441, -2.00851, 0.0373273, 2.43231, 0
-0.0479129, -0.0553663, 0.608441, -2.00851, 0.0373273, 2.43231, 0
-0.0479132, -0.0553663, 0.608441, -2.00852, 0.0373273, 2.43231, 0
-0.0479134, -0.0553664, 0.608441, -2.00852, 0.0373274, 2.43231, 0
-0.0479137, -0.0553664, 0.608441, -2.00852, 0.0373274, 2.43231, 0
-0.047914, -0.0553664, 0.608441, -2.00852, 0.0373274, 2.43231, 0
